10.0,7.900000095367432,5.099999904632568,2.5999999046325684,0.20000000298023224,-2.0999999046325684,-2.4000000953674316,-1.899999976158142,-0.6000000238418579,1.399999976158142,8.9375,11.6875,14.25,16.625,17.8125,18.0,18.0,18.0,16.6875,14.4375,2.036693572998047,-15.263602256774902,-1.8073386907577516,4.788720428943634,-4.845975744974614,5.099999904632568,2.5999999046325684,0.20000000298023224,-2.0999999046325684,-2.4000000953674316,-1.899999976158142,-0.6000000238418579,1.399999976158142,3.700000047683716,6.900000095367432,14.25,16.625,17.8125,18.0,18.0,18.0,16.6875,14.4375,12.0,9.1875,102.10348510742188,-105.01870727539062,4.788720428943634
5.099999904632568,2.5999999046325684,0.20000000298023224,-2.0999999046325684,-2.4000000953674316,-1.899999976158142,-0.6000000238418579,1.399999976158142,3.700000047683716,6.900000095367432,14.25,16.625,17.8125,18.0,18.0,18.0,16.6875,14.4375,12.0,9.1875,102.10348510742188,-105.01870727539062,4.788720428943634,-12.0,-8.610857835642497,0.20000000298023224,-2.0999999046325684,-2.4000000953674316,-1.899999976158142,-0.6000000238418579,1.399999976158142,3.700000047683716,6.900000095367432,9.100000381469727,11.100000381469727,17.8125,18.0,18.0,18.0,16.6875,14.4375,12.0,9.1875,6.3125,3.4375,140.54623413085938,-170.71197509765625,-12.0
0.20000000298023224,-2.0999999046325684,-2.4000000953674316,-1.899999976158142,-0.6000000238418579,1.399999976158142,3.700000047683716,6.900000095367432,9.100000381469727,11.100000381469727,17.8125,18.0,18.0,18.0,16.6875,14.4375,12.0,9.1875,6.3125,3.4375,140.54623413085938,-170.71197509765625,-12.0,-12.0,-9.078830423784257,-2.4000000953674316,-1.899999976158142,-0.6000000238418579,1.399999976158142,3.700000047683716,6.900000095367432,9.100000381469727,11.100000381469727,10.600000381469727,10.399999618530273,18.0,18.0,16.6875,14.4375,12.0,9.1875,6.3125,3.4375,0.625,-2.1875,77.94957733154297,-210.5056610107422,-12.0
-2.4000000953674316,-1.899999976158142,-0.6000000238418579,1.399999976158142,3.700000047683716,6.900000095367432,9.100000381469727,11.100000381469727,10.600000381469727,10.399999618530273,18.0,18.0,16.6875,14.4375,12.0,9.1875,6.3125,3.4375,0.625,-2.1875,77.94957733154297,-210.5056610107422,-12.0,-12.0,-8.41300893585682,-0.6000000238418579,1.399999976158142,3.700000047683716,6.900000095367432,9.100000381469727,11.100000381469727,10.600000381469727,10.399999618530273,9.0,7.199999809265137,16.6875,14.4375,12.0,9.1875,6.3125,3.4375,0.625,-2.1875,-4.8125,-7.4375,-8.512269020080566,-229.22361755371094,-12.0
-0.6000000238418579,1.399999976158142,3.700000047683716,6.900000095367432,9.100000381469727,11.100000381469727,10.600000381469727,10.399999618530273,9.0,7.199999809265137,16.6875,14.4375,12.0,9.1875,6.3125,3.4375,0.625,-2.1875,-4.8125,-7.4375,-8.512269020080566,-229.22361755371094,-12.0,-12.0,-7.000793888705968,3.700000047683716,6.900000095367432,9.100000381469727,11.100000381469727,10.600000381469727,10.399999618530273,9.0,7.199999809265137,4.699999809265137,2.200000047683716,12.0,9.1875,6.3125,3.4375,0.625,-2.1875,-4.8125,-7.4375,-10.0625,-12.6875,-95.44784545898438,-241.203125,-12.0
3.700000047683716,6.900000095367432,9.100000381469727,11.100000381469727,10.600000381469727,10.399999618530273,9.0,7.199999809265137,4.699999809265137,2.200000047683716,12.0,9.1875,6.3125,3.4375,0.625,-2.1875,-4.8125,-7.4375,-10.0625,-12.6875,-95.44784545898438,-241.203125,-12.0,-12.0,-5.028467265319825,9.100000381469727,11.100000381469727,10.600000381469727,10.399999618530273,9.0,7.199999809265137,4.699999809265137,2.200000047683716,-0.8999999761581421,-4.400000095367432,6.3125,3.4375,0.625,-2.1875,-4.8125,-7.4375,-10.0625,-12.6875,-15.375,-18.0,-180.68663024902344,-249.8699951171875,-12.0
9.100000381469727,11.100000381469727,10.600000381469727,10.399999618530273,9.0,7.199999809265137,4.699999809265137,2.200000047683716,-0.8999999761581421,-4.400000095367432,6.3125,3.4375,0.625,-2.1875,-4.8125,-7.4375,-10.0625,-12.6875,-15.375,-18.0,-180.68663024902344,-249.8699951171875,-12.0,-12.0,-2.885265197753906,10.600000381469727,10.399999618530273,9.0,7.199999809265137,4.699999809265137,2.200000047683716,-0.8999999761581421,-4.400000095367432,-8.300000190734863,-12.5,0.625,-2.1875,-4.8125,-7.4375,-10.0625,-12.6875,-15.375,-18.0,-20.6875,-23.25,-262.0394287109375,-254.1667938232422,-12.0
10.600000381469727,10.399999618530273,9.0,7.199999809265137,4.699999809265137,2.200000047683716,-0.8999999761581421,-4.400000095367432,-8.300000190734863,-12.5,0.625,-2.1875,-4.8125,-7.4375,-10.0625,-12.6875,-15.375,-18.0,-20.6875,-23.25,-262.0394287109375,-254.1667938232422,-12.0,-4.587736511230469,-3.329852115742366,9.0,7.199999809265137,4.699999809265137,2.200000047683716,-0.8999999761581421,-4.400000095367432,-8.300000190734863,-12.5,-16.899999618530273,-21.399999618530273,-4.8125,-7.4375,-10.0625,-12.6875,-15.375,-18.0,-20.6875,-23.25,-25.875,-28.5625,-328.105224609375,-258.416748046875,-4.587736511230469
9.0,7.199999809265137,4.699999809265137,2.200000047683716,-0.8999999761581421,-4.400000095367432,-8.300000190734863,-12.5,-16.899999618530273,-21.399999618530273,-4.8125,-7.4375,-10.0625,-12.6875,-15.375,-18.0,-20.6875,-23.25,-25.875,-28.5625,-328.105224609375,-258.416748046875,-4.587736511230469,3.387597465515137,-3.106286970774333,4.699999809265137,2.200000047683716,-0.8999999761581421,-4.400000095367432,-8.300000190734863,-12.5,-16.899999618530273,-21.399999618530273,-25.299999237060547,-29.0,-10.0625,-12.6875,-15.375,-18.0,-20.6875,-23.25,-25.875,-28.5625,-31.0625,-33.6875,-346.3873596191406,-256.7333984375,3.387597465515137
4.699999809265137,2.200000047683716,-0.8999999761581421,-4.400000095367432,-8.300000190734863,-12.5,-16.899999618530273,-21.399999618530273,-25.299999237060547,-29.0,-10.0625,-12.6875,-15.375,-18.0,-20.6875,-23.25,-25.875,-28.5625,-31.0625,-33.6875,-346.3873596191406,-256.7333984375,3.387597465515137,6.621646118164064,-1.9386915143330892,-0.8999999761581421,-4.400000095367432,-8.300000190734863,-12.5,-16.899999618530273,-21.399999618530273,-25.299999237060547,-29.0,-31.200000762939453,-31.5,-15.375,-18.0,-20.6875,-23.25,-25.875,-28.5625,-31.0625,-33.6875,-36.3125,-38.9375,-262.8879089355469,-259.5475158691406,6.621646118164064
-0.8999999761581421,-4.400000095367432,-8.300000190734863,-12.5,-16.899999618530273,-21.399999618530273,-25.299999237060547,-29.0,-31.200000762939453,-31.5,-15.375,-18.0,-20.6875,-23.25,-25.875,-28.5625,-31.0625,-33.6875,-36.3125,-38.9375,-262.8879089355469,-259.5475158691406,6.621646118164064,-3.384710693359375,-6.612541829776765,-8.300000190734863,-12.5,-16.899999618530273,-21.399999618530273,-25.299999237060547,-29.0,-31.200000762939453,-31.5,-31.0,-29.899999618530273,-20.6875,-23.25,-25.875,-28.5625,-31.0625,-33.6875,-36.3125,-38.9375,-41.5625,-44.125,-138.2482452392578,-259.36041259765625,-3.384710693359375
-8.300000190734863,-12.5,-16.899999618530273,-21.399999618530273,-25.299999237060547,-29.0,-31.200000762939453,-31.5,-31.0,-29.899999618530273,-20.6875,-23.25,-25.875,-28.5625,-31.0625,-33.6875,-36.3125,-38.9375,-41.5625,-44.125,-138.2482452392578,-259.36041259765625,-3.384710693359375,-12.0,-9.293415211073558,-16.899999618530273,-21.399999618530273,-25.299999237060547,-29.0,-31.200000762939453,-31.5,-31.0,-29.899999618530273,-29.5,-29.899999618530273,-25.875,-28.5625,-31.0625,-33.6875,-36.3125,-38.9375,-41.5625,-44.125,-46.6875,-49.125,-90.0788803100586,-255.74066162109375,-12.0
-16.899999618530273,-21.399999618530273,-25.299999237060547,-29.0,-31.200000762939453,-31.5,-31.0,-29.899999618530273,-29.5,-29.899999618530273,-25.875,-28.5625,-31.0625,-33.6875,-36.3125,-38.9375,-41.5625,-44.125,-46.6875,-49.125,-90.0788803100586,-255.74066162109375,-12.0,-12.0,-7.903581931304943,-25.299999237060547,-29.0,-31.200000762939453,-31.5,-31.0,-29.899999618530273,-29.5,-29.899999618530273,-32.099998474121094,-34.400001525878906,-31.0625,-33.6875,-36.3125,-38.9375,-41.5625,-44.125,-46.6875,-49.125,-51.4375,-53.75,-138.85052490234375,-246.9240264892578,-12.0
-25.299999237060547,-29.0,-31.200000762939453,-31.5,-31.0,-29.899999618530273,-29.5,-29.899999618530273,-32.099998474121094,-34.400001525878906,-31.0625,-33.6875,-36.3125,-38.9375,-41.5625,-44.125,-46.6875,-49.125,-51.4375,-53.75,-138.85052490234375,-246.9240264892578,-12.0,-12.0,-5.9628159639358636,-31.200000762939453,-31.5,-31.0,-29.899999618530273,-29.5,-29.899999618530273,-32.099998474121094,-34.400001525878906,-37.400001525878906,-40.400001525878906,-36.3125,-38.9375,-41.5625,-44.125,-46.6875,-49.125,-51.4375,-53.75,-55.9375,-58.1875,-196.8643341064453,-238.0313720703125,-12.0
-31.200000762939453,-31.5,-31.0,-29.899999618530273,-29.5,-29.899999618530273,-32.099998474121094,-34.400001525878906,-37.400001525878906,-40.400001525878906,-36.3125,-38.9375,-41.5625,-44.125,-46.6875,-49.125,-51.4375,-53.75,-55.9375,-58.1875,-196.8643341064453,-238.0313720703125,-12.0,-12.0,-4.60441248149873,-31.0,-29.899999618530273,-29.5,-29.899999618530273,-32.099998474121094,-34.400001525878906,-37.400001525878906,-40.400001525878906,-43.599998474121094,-47.099998474121094,-41.5625,-44.125,-46.6875,-49.125,-51.4375,-53.75,-55.9375,-58.1875,-60.375,-62.6875,-247.19313049316406,-233.59007263183594,-12.0
-31.0,-29.899999618530273,-29.5,-29.899999618530273,-32.099998474121094,-34.400001525878906,-37.400001525878906,-40.400001525878906,-43.599998474121094,-47.099998474121094,-41.5625,-44.125,-46.6875,-49.125,-51.4375,-53.75,-55.9375,-58.1875,-60.375,-62.6875,-247.19313049316406,-233.59007263183594,-12.0,-6.433444976806641,-4.8048242204666165,-29.5,-29.899999618530273,-32.099998474121094,-34.400001525878906,-37.400001525878906,-40.400001525878906,-43.599998474121094,-47.099998474121094,-50.900001525878906,-55.29999923706055,-46.6875,-49.125,-51.4375,-53.75,-55.9375,-58.1875,-60.375,-62.6875,-64.9375,-67.125,-307.00360107421875,-229.24765014648438,-6.433444976806641
-29.5,-29.899999618530273,-32.099998474121094,-34.400001525878906,-37.400001525878906,-40.400001525878906,-43.599998474121094,-47.099998474121094,-50.900001525878906,-55.29999923706055,-46.6875,-49.125,-51.4375,-53.75,-55.9375,-58.1875,-60.375,-62.6875,-64.9375,-67.125,-307.00360107421875,-229.24765014648438,-6.433444976806641,1.8630947113037113,-4.6388662263870355,-32.099998474121094,-34.400001525878906,-37.400001525878906,-40.400001525878906,-43.599998474121094,-47.099998474121094,-50.900001525878906,-55.29999923706055,-59.5,-63.900001525878906,-51.4375,-53.75,-55.9375,-58.1875,-60.375,-62.6875,-64.9375,-67.125,-69.1875,-71.1875,-351.6823425292969,-219.71849060058594,1.8630947113037113
-32.099998474121094,-34.400001525878906,-37.400001525878906,-40.400001525878906,-43.599998474121094,-47.099998474121094,-50.900001525878906,-55.29999923706055,-59.5,-63.900001525878906,-51.4375,-53.75,-55.9375,-58.1875,-60.375,-62.6875,-64.9375,-67.125,-69.1875,-71.1875,-351.6823425292969,-219.71849060058594,1.8630947113037113,9.552635955810548,-3.667467551676479,-37.400001525878906,-40.400001525878906,-43.599998474121094,-47.099998474121094,-50.900001525878906,-55.29999923706055,-59.5,-63.900001525878906,-67.0999984741211,-68.30000305175781,-55.9375,-58.1875,-60.375,-62.6875,-64.9375,-67.125,-69.1875,-71.1875,-73.0,-74.75,-300.2767333984375,-204.61984252929688,9.552635955810548
-37.400001525878906,-40.400001525878906,-43.599998474121094,-47.099998474121094,-50.900001525878906,-55.29999923706055,-59.5,-63.900001525878906,-67.0999984741211,-68.30000305175781,-55.9375,-58.1875,-60.375,-62.6875,-64.9375,-67.125,-69.1875,-71.1875,-73.0,-74.75,-300.2767333984375,-204.61984252929688,9.552635955810548,6.340690612792969,-3.9058080629985,-43.599998474121094,-47.099998474121094,-50.900001525878906,-55.29999923706055,-59.5,-63.900001525878906,-67.0999984741211,-68.30000305175781,-67.5999984741211,-66.30000305175781,-60.375,-62.6875,-64.9375,-67.125,-69.1875,-71.1875,-73.0,-74.75,-76.4375,-78.125,-154.97714233398438,-191.70669555664062,6.340690612792969
-43.599998474121094,-47.099998474121094,-50.900001525878906,-55.29999923706055,-59.5,-63.900001525878906,-67.0999984741211,-68.30000305175781,-67.5999984741211,-66.30000305175781,-60.375,-62.6875,-64.9375,-67.125,-69.1875,-71.1875,-73.0,-74.75,-76.4375,-78.125,-154.97714233398438,-191.70669555664062,6.340690612792969,-9.58545379638672,-7.9677866956075505,-50.900001525878906,-55.29999923706055,-59.5,-63.900001525878906,-67.0999984741211,-68.30000305175781,-67.5999984741211,-66.30000305175781,-65.5,-64.30000305175781,-64.9375,-67.125,-69.1875,-71.1875,-73.0,-74.75,-76.4375,-78.125,-79.8125,-81.625,-62.385379791259766,-185.94229125976562,-9.58545379638672
-50.900001525878906,-55.29999923706055,-59.5,-63.900001525878906,-67.0999984741211,-68.30000305175781,-67.5999984741211,-66.30000305175781,-65.5,-64.30000305175781,-64.9375,-67.125,-69.1875,-71.1875,-73.0,-74.75,-76.4375,-78.125,-79.8125,-81.625,-62.385379791259766,-185.94229125976562,-9.58545379638672,-12.0,-7.9623148600260425,-59.5,-63.900001525878906,-67.0999984741211,-68.30000305175781,-67.5999984741211,-66.30000305175781,-65.5,-64.30000305175781,-64.69999694824219,-66.5,-69.1875,-71.1875,-73.0,-74.75,-76.4375,-78.125,-79.8125,-81.625,-83.5625,-85.6875,-82.32660675048828,-192.50306701660156,-12.0
-59.5,-63.900001525878906,-67.0999984741211,-68.30000305175781,-67.5999984741211,-66.30000305175781,-65.5,-64.30000305175781,-64.69999694824219,-66.5,-69.1875,-71.1875,-73.0,-74.75,-76.4375,-78.125,-79.8125,-81.625,-83.5625,-85.6875,-82.32660675048828,-192.50306701660156,-12.0,-12.0,-6.108569449234055,-67.0999984741211,-68.30000305175781,-67.5999984741211,-66.30000305175781,-65.5,-64.30000305175781,-64.69999694824219,-66.5,-69.19999694824219,-72.30000305175781,-73.0,-74.75,-76.4375,-78.125,-79.8125,-81.625,-83.5625,-85.6875,-87.875,-90.1875,-157.88909912109375,-204.45196533203125,-12.0
-67.0999984741211,-68.30000305175781,-67.5999984741211,-66.30000305175781,-65.5,-64.30000305175781,-64.69999694824219,-66.5,-69.19999694824219,-72.30000305175781,-73.0,-74.75,-76.4375,-78.125,-79.8125,-81.625,-83.5625,-85.6875,-87.875,-90.1875,-157.88909912109375,-204.45196533203125,-12.0,-12.0,-4.552997204971325,-67.5999984741211,-66.30000305175781,-65.5,-64.30000305175781,-64.69999694824219,-66.5,-69.19999694824219,-72.30000305175781,-75.80000305175781,-79.0999984741211,-76.4375,-78.125,-79.8125,-81.625,-83.5625,-85.6875,-87.875,-90.1875,-92.625,-95.125,-223.04893493652344,-219.84925842285156,-12.0
-67.5999984741211,-66.30000305175781,-65.5,-64.30000305175781,-64.69999694824219,-66.5,-69.19999694824219,-72.30000305175781,-75.80000305175781,-79.0999984741211,-76.4375,-78.125,-79.8125,-81.625,-83.5625,-85.6875,-87.875,-90.1875,-92.625,-95.125,-223.04893493652344,-219.84925842285156,-12.0,-7.692533111572265,-4.724166676712048,-65.5,-64.30000305175781,-64.69999694824219,-66.5,-69.19999694824219,-72.30000305175781,-75.80000305175781,-79.0999984741211,-82.5999984741211,-86.5999984741211,-79.8125,-81.625,-83.5625,-85.6875,-87.875,-90.1875,-92.625,-95.125,-97.625,-100.125,-278.7513122558594,-230.70352172851562,-7.692533111572265
-65.5,-64.30000305175781,-64.69999694824219,-66.5,-69.19999694824219,-72.30000305175781,-75.80000305175781,-79.0999984741211,-82.5999984741211,-86.5999984741211,-79.8125,-81.625,-83.5625,-85.6875,-87.875,-90.1875,-92.625,-95.125,-97.625,-100.125,-278.7513122558594,-230.70352172851562,-7.692533111572265,-1.9577217102050781,-4.5826223520915175,-64.69999694824219,-66.5,-69.19999694824219,-72.30000305175781,-75.80000305175781,-79.0999984741211,-82.5999984741211,-86.5999984741211,-90.4000015258789,-94.69999694824219,-83.5625,-85.6875,-87.875,-90.1875,-92.625,-95.125,-97.625,-100.125,-102.625,-105.0,-325.2008056640625,-235.15025329589844,-1.9577217102050781
-64.69999694824219,-66.5,-69.19999694824219,-72.30000305175781,-75.80000305175781,-79.0999984741211,-82.5999984741211,-86.5999984741211,-90.4000015258789,-94.69999694824219,-83.5625,-85.6875,-87.875,-90.1875,-92.625,-95.125,-97.625,-100.125,-102.625,-105.0,-325.2008056640625,-235.15025329589844,-1.9577217102050781,3.8550537109375007,-4.156809802500453,-69.19999694824219,-72.30000305175781,-75.80000305175781,-79.0999984741211,-82.5999984741211,-86.5999984741211,-90.4000015258789,-94.69999694824219,-98.5999984741211,-102.19999694824219,-87.875,-90.1875,-92.625,-95.125,-97.625,-100.125,-102.625,-105.0,-107.25,-109.375,-342.52850341796875,-228.9961700439453,3.8550537109375007
-69.19999694824219,-72.30000305175781,-75.80000305175781,-79.0999984741211,-82.5999984741211,-86.5999984741211,-90.4000015258789,-94.69999694824219,-98.5999984741211,-102.19999694824219,-87.875,-90.1875,-92.625,-95.125,-97.625,-100.125,-102.625,-105.0,-107.25,-109.375,-342.52850341796875,-228.9961700439453,3.8550537109375007,7.7657318115234375,-3.0510467232386387,-75.80000305175781,-79.0999984741211,-82.5999984741211,-86.5999984741211,-90.4000015258789,-94.69999694824219,-98.5999984741211,-102.19999694824219,-103.80000305175781,-103.9000015258789,-92.625,-95.125,-97.625,-100.125,-102.625,-105.0,-107.25,-109.375,-111.4375,-113.3125,-246.8183135986328,-217.0575408935547,7.7657318115234375
-75.80000305175781,-79.0999984741211,-82.5999984741211,-86.5999984741211,-90.4000015258789,-94.69999694824219,-98.5999984741211,-102.19999694824219,-103.80000305175781,-103.9000015258789,-92.625,-95.125,-97.625,-100.125,-102.625,-105.0,-107.25,-109.375,-111.4375,-113.3125,-246.8183135986328,-217.0575408935547,7.7657318115234375,-1.7301719665527342,-6.798594866307588,-82.5999984741211,-86.5999984741211,-90.4000015258789,-94.69999694824219,-98.5999984741211,-102.19999694824219,-103.80000305175781,-103.9000015258789,-102.80000305175781,-100.9000015258789,-97.625,-100.125,-102.625,-105.0,-107.25,-109.375,-111.4375,-113.3125,-115.125,-116.875,-102.36371612548828,-202.9168243408203,-1.7301719665527342
-82.5999984741211,-86.5999984741211,-90.4000015258789,-94.69999694824219,-98.5999984741211,-102.19999694824219,-103.80000305175781,-103.9000015258789,-102.80000305175781,-100.9000015258789,-97.625,-100.125,-102.625,-105.0,-107.25,-109.375,-111.4375,-113.3125,-115.125,-116.875,-102.36371612548828,-202.9168243408203,-1.7301719665527342,-12.0,-9.725344148127284,-90.4000015258789,-94.69999694824219,-98.5999984741211,-102.19999694824219,-103.80000305175781,-103.9000015258789,-102.80000305175781,-100.9000015258789,-99.80000305175781,-99.30000305175781,-102.625,-105.0,-107.25,-109.375,-111.4375,-113.3125,-115.125,-116.875,-118.625,-120.1875,-37.91279983520508,-189.1167755126953,-12.0
-90.4000015258789,-94.69999694824219,-98.5999984741211,-102.19999694824219,-103.80000305175781,-103.9000015258789,-102.80000305175781,-100.9000015258789,-99.80000305175781,-99.30000305175781,-102.625,-105.0,-107.25,-109.375,-111.4375,-113.3125,-115.125,-116.875,-118.625,-120.1875,-37.91279983520508,-189.1167755126953,-12.0,-12.0,-7.008948814582837,-98.5999984741211,-102.19999694824219,-103.80000305175781,-103.9000015258789,-102.80000305175781,-100.9000015258789,-99.80000305175781,-99.30000305175781,-100.5,-102.9000015258789,-107.25,-109.375,-111.4375,-113.3125,-115.125,-116.875,-118.625,-120.1875,-121.4375,-122.1875,-91.46417236328125,-156.03472900390625,-12.0
-98.5999984741211,-102.19999694824219,-103.80000305175781,-103.9000015258789,-102.80000305175781,-100.9000015258789,-99.80000305175781,-99.30000305175781,-100.5,-102.9000015258789,-107.25,-109.375,-111.4375,-113.3125,-115.125,-116.875,-118.625,-120.1875,-121.4375,-122.1875,-91.46417236328125,-156.03472900390625,-12.0,-12.0,-4.868278960037278,-103.80000305175781,-103.9000015258789,-102.80000305175781,-100.9000015258789,-99.80000305175781,-99.30000305175781,-100.5,-102.9000015258789,-105.19999694824219,-107.80000305175781,-111.4375,-113.3125,-115.125,-116.875,-118.625,-120.1875,-121.4375,-122.1875,-122.4375,-122.4375,-147.33712768554688,-103.86222839355469,-12.0
-103.80000305175781,-103.9000015258789,-102.80000305175781,-100.9000015258789,-99.80000305175781,-99.30000305175781,-100.5,-102.9000015258789,-105.19999694824219,-107.80000305175781,-111.4375,-113.3125,-115.125,-116.875,-118.625,-120.1875,-121.4375,-122.1875,-122.4375,-122.4375,-147.33712768554688,-103.86222839355469,-12.0,-2.9712585449218745,-5.113235868326834,-102.80000305175781,-100.9000015258789,-99.80000305175781,-99.30000305175781,-100.5,-102.9000015258789,-105.19999694824219,-107.80000305175781,-111.19999694824219,-114.0999984741211,-115.125,-116.875,-118.625,-120.1875,-121.4375,-122.1875,-122.4375,-122.4375,-122.4375,-122.5,-206.69569396972656,-67.7218246459961,-2.9712585449218745
-102.80000305175781,-100.9000015258789,-99.80000305175781,-99.30000305175781,-100.5,-102.9000015258789,-105.19999694824219,-107.80000305175781,-111.19999694824219,-114.0999984741211,-115.125,-116.875,-118.625,-120.1875,-121.4375,-122.1875,-122.4375,-122.4375,-122.4375,-122.5,-206.69569396972656,-67.7218246459961,-2.9712585449218745,9.697386169433594,-4.761060872523037,-99.80000305175781,-99.30000305175781,-100.5,-102.9000015258789,-105.19999694824219,-107.80000305175781,-111.19999694824219,-114.0999984741211,-116.5999984741211,-119.19999694824219,-118.625,-120.1875,-121.4375,-122.1875,-122.4375,-122.4375,-122.4375,-122.5,-122.4375,-122.4375,-224.28521728515625,-42.34196853637695,9.697386169433594
-99.80000305175781,-99.30000305175781,-100.5,-102.9000015258789,-105.19999694824219,-107.80000305175781,-111.19999694824219,-114.0999984741211,-116.5999984741211,-119.19999694824219,-118.625,-120.1875,-121.4375,-122.1875,-122.4375,-122.4375,-122.4375,-122.5,-122.4375,-122.4375,-224.28521728515625,-42.34196853637695,9.697386169433594,12.0,-3.089534802881923,-100.5,-102.9000015258789,-105.19999694824219,-107.80000305175781,-111.19999694824219,-114.0999984741211,-116.5999984741211,-119.19999694824219,-119.4000015258789,-119.19999694824219,-121.4375,-122.1875,-122.4375,-122.4375,-122.4375,-122.5,-122.4375,-122.4375,-122.4375,-122.4375,-142.74252319335938,-27.098859786987305,12.0
-100.5,-102.9000015258789,-105.19999694824219,-107.80000305175781,-111.19999694824219,-114.0999984741211,-116.5999984741211,-119.19999694824219,-119.4000015258789,-119.19999694824219,-121.4375,-122.1875,-122.4375,-122.4375,-122.4375,-122.5,-122.4375,-122.4375,-122.4375,-122.4375,-142.74252319335938,-27.098859786987305,12.0,9.9456148147583,-1.7787265099207676,-105.19999694824219,-107.80000305175781,-111.19999694824219,-114.0999984741211,-116.5999984741211,-119.19999694824219,-119.4000015258789,-119.19999694824219,-118.5,-116.9000015258789,-122.4375,-122.4375,-122.4375,-122.5,-122.4375,-122.4375,-122.4375,-122.4375,-123.125,-124.0625,-48.15528869628906,-47.09326934814453,9.9456148147583
-105.19999694824219,-107.80000305175781,-111.19999694824219,-114.0999984741211,-116.5999984741211,-119.19999694824219,-119.4000015258789,-119.19999694824219,-118.5,-116.9000015258789,-122.4375,-122.4375,-122.4375,-122.5,-122.4375,-122.4375,-122.4375,-122.4375,-123.125,-124.0625,-48.15528869628906,-47.09326934814453,9.9456148147583,-3.475047302246094,-5.713560836029064,-111.19999694824219,-114.0999984741211,-116.5999984741211,-119.19999694824219,-119.4000015258789,-119.19999694824219,-118.5,-116.9000015258789,-115.0999984741211,-112.9000015258789,-122.4375,-122.5,-122.4375,-122.4375,-122.4375,-122.4375,-123.125,-124.0625,-124.875,-125.5,41.9806022644043,-55.63969421386719,-3.475047302246094
-111.19999694824219,-114.0999984741211,-116.5999984741211,-119.19999694824219,-119.4000015258789,-119.19999694824219,-118.5,-116.9000015258789,-115.0999984741211,-112.9000015258789,-122.4375,-122.5,-122.4375,-122.4375,-122.4375,-122.4375,-123.125,-124.0625,-124.875,-125.5,41.9806022644043,-55.63969421386719,-3.475047302246094,-12.0,-7.266244617017122,-116.5999984741211,-119.19999694824219,-119.4000015258789,-119.19999694824219,-118.5,-116.9000015258789,-115.0999984741211,-112.9000015258789,-111.0999984741211,-110.0999984741211,-122.4375,-122.4375,-122.4375,-122.4375,-123.125,-124.0625,-124.875,-125.5,-125.875,-126.1875,75.66763305664062,-47.85940170288086,-12.0
-116.5999984741211,-119.19999694824219,-119.4000015258789,-119.19999694824219,-118.5,-116.9000015258789,-115.0999984741211,-112.9000015258789,-111.0999984741211,-110.0999984741211,-122.4375,-122.4375,-122.4375,-122.4375,-123.125,-124.0625,-124.875,-125.5,-125.875,-126.1875,75.66763305664062,-47.85940170288086,-12.0,-12.0,-4.882054933357285,-119.4000015258789,-119.19999694824219,-118.5,-116.9000015258789,-115.0999984741211,-112.9000015258789,-111.0999984741211,-110.0999984741211,-111.5,-112.69999694824219,-122.4375,-122.4375,-123.125,-124.0625,-124.875,-125.5,-125.875,-126.1875,-126.5,-127.0625,2.02732253074646,-46.88002014160156,-12.0
-119.4000015258789,-119.19999694824219,-118.5,-116.9000015258789,-115.0999984741211,-112.9000015258789,-111.0999984741211,-110.0999984741211,-111.5,-112.69999694824219,-122.4375,-122.4375,-123.125,-124.0625,-124.875,-125.5,-125.875,-126.1875,-126.5,-127.0625,2.02732253074646,-46.88002014160156,-12.0,-12.0,-3.591315897750901,-118.5,-116.9000015258789,-115.0999984741211,-112.9000015258789,-111.0999984741211,-110.0999984741211,-111.5,-112.69999694824219,-114.5999984741211,-116.80000305175781,-123.125,-124.0625,-124.875,-125.5,-125.875,-126.1875,-126.5,-127.0625,-127.875,-129.0625,-73.10263061523438,-53.75401306152344,-12.0
-118.5,-116.9000015258789,-115.0999984741211,-112.9000015258789,-111.0999984741211,-110.0999984741211,-111.5,-112.69999694824219,-114.5999984741211,-116.80000305175781,-123.125,-124.0625,-124.875,-125.5,-125.875,-126.1875,-126.5,-127.0625,-127.875,-129.0625,-73.10263061523438,-53.75401306152344,-12.0,-4.19638671875,-3.6546425553640196,-115.0999984741211,-112.9000015258789,-111.0999984741211,-110.0999984741211,-111.5,-112.69999694824219,-114.5999984741211,-116.80000305175781,-119.4000015258789,-122.19999694824219,-124.875,-125.5,-125.875,-126.1875,-126.5,-127.0625,-127.875,-129.0625,-130.5,-132.1875,-144.3855743408203,-99.47205352783203,-4.19638671875
-115.0999984741211,-112.9000015258789,-111.0999984741211,-110.0999984741211,-111.5,-112.69999694824219,-114.5999984741211,-116.80000305175781,-119.4000015258789,-122.19999694824219,-124.875,-125.5,-125.875,-126.1875,-126.5,-127.0625,-127.875,-129.0625,-130.5,-132.1875,-144.3855743408203,-99.47205352783203,-4.19638671875,-0.5023994445800781,-3.3242275258382628,-111.0999984741211,-110.0999984741211,-111.5,-112.69999694824219,-114.5999984741211,-116.80000305175781,-119.4000015258789,-122.19999694824219,-124.69999694824219,-127.30000305175781,-125.875,-126.1875,-126.5,-127.0625,-127.875,-129.0625,-130.5,-132.1875,-133.875,-135.5,-184.40689086914062,-123.16211700439453,-0.5023994445800781
-111.0999984741211,-110.0999984741211,-111.5,-112.69999694824219,-114.5999984741211,-116.80000305175781,-119.4000015258789,-122.19999694824219,-124.69999694824219,-127.30000305175781,-125.875,-126.1875,-126.5,-127.0625,-127.875,-129.0625,-130.5,-132.1875,-133.875,-135.5,-184.40689086914062,-123.16211700439453,-0.5023994445800781,2.0244789123535156,-2.9552119018556553,-111.5,-112.69999694824219,-114.5999984741211,-116.80000305175781,-119.4000015258789,-122.19999694824219,-124.69999694824219,-127.30000305175781,-129.5,-131.60000610351562,-126.5,-127.0625,-127.875,-129.0625,-130.5,-132.1875,-133.875,-135.5,-137.0625,-138.5,-195.22047424316406,-132.57376098632812,2.0244789123535156
-111.5,-112.69999694824219,-114.5999984741211,-116.80000305175781,-119.4000015258789,-122.19999694824219,-124.69999694824219,-127.30000305175781,-129.5,-131.60000610351562,-126.5,-127.0625,-127.875,-129.0625,-130.5,-132.1875,-133.875,-135.5,-137.0625,-138.5,-195.22047424316406,-132.57376098632812,2.0244789123535156,2.8146743774414062,-2.3067222485862047,-114.5999984741211,-116.80000305175781,-119.4000015258789,-122.19999694824219,-124.69999694824219,-127.30000305175781,-129.5,-131.60000610351562,-133.0,-133.39999389648438,-127.875,-129.0625,-130.5,-132.1875,-133.875,-135.5,-137.0625,-138.5,-139.9375,-141.4375,-155.34088134765625,-137.84719848632812,2.8146743774414062
-114.5999984741211,-116.80000305175781,-119.4000015258789,-122.19999694824219,-124.69999694824219,-127.30000305175781,-129.5,-131.60000610351562,-133.0,-133.39999389648438,-127.875,-129.0625,-130.5,-132.1875,-133.875,-135.5,-137.0625,-138.5,-139.9375,-141.4375,-155.34088134765625,-137.84719848632812,2.8146743774414062,-2.269384765625,-4.624684297434675,-119.4000015258789,-122.19999694824219,-124.69999694824219,-127.30000305175781,-129.5,-131.60000610351562,-133.0,-133.39999389648438,-133.3000030517578,-132.89999389648438,-130.5,-132.1875,-133.875,-135.5,-137.0625,-138.5,-139.9375,-141.4375,-143.125,-145.0625,-89.81813049316406,-153.9722137451172,-2.269384765625
-119.4000015258789,-122.19999694824219,-124.69999694824219,-127.30000305175781,-129.5,-131.60000610351562,-133.0,-133.39999389648438,-133.3000030517578,-132.89999389648438,-130.5,-132.1875,-133.875,-135.5,-137.0625,-138.5,-139.9375,-141.4375,-143.125,-145.0625,-89.81813049316406,-153.9722137451172,-2.269384765625,-12.0,-7.529746582158453,-124.69999694824219,-127.30000305175781,-129.5,-131.60000610351562,-133.0,-133.39999389648438,-133.3000030517578,-132.89999389648438,-132.60000610351562,-132.6999969482422,-133.875,-135.5,-137.0625,-138.5,-139.9375,-141.4375,-143.125,-145.0625,-147.1875,-149.4375,-54.683616638183594,-177.54222106933594,-12.0
-124.69999694824219,-127.30000305175781,-129.5,-131.60000610351562,-133.0,-133.39999389648438,-133.3000030517578,-132.89999389648438,-132.60000610351562,-132.6999969482422,-133.875,-135.5,-137.0625,-138.5,-139.9375,-141.4375,-143.125,-145.0625,-147.1875,-149.4375,-54.683616638183594,-177.54222106933594,-12.0,-12.0,-5.679791363525437,-129.5,-131.60000610351562,-133.0,-133.39999389648438,-133.3000030517578,-132.89999389648438,-132.60000610351562,-132.6999969482422,-136.0,-138.1999969482422,-137.0625,-138.5,-139.9375,-141.4375,-143.125,-145.0625,-147.1875,-149.4375,-151.8125,-154.0,-131.79750061035156,-195.37701416015625,-12.0
-129.5,-131.60000610351562,-133.0,-133.39999389648438,-133.3000030517578,-132.89999389648438,-132.60000610351562,-132.6999969482422,-136.0,-138.1999969482422,-137.0625,-138.5,-139.9375,-141.4375,-143.125,-145.0625,-147.1875,-149.4375,-151.8125,-154.0,-131.79750061035156,-195.37701416015625,-12.0,-12.0,-4.497672362518497,-133.0,-133.39999389648438,-133.3000030517578,-132.89999389648438,-132.60000610351562,-132.6999969482422,-136.0,-138.1999969482422,-140.8000030517578,-143.39999389648438,-139.9375,-141.4375,-143.125,-145.0625,-147.1875,-149.4375,-151.8125,-154.0,-156.125,-158.1875,-177.9503173828125,-200.29129028320312,-12.0
-133.0,-133.39999389648438,-133.3000030517578,-132.89999389648438,-132.60000610351562,-132.6999969482422,-136.0,-138.1999969482422,-140.8000030517578,-143.39999389648438,-139.9375,-141.4375,-143.125,-145.0625,-147.1875,-149.4375,-151.8125,-154.0,-156.125,-158.1875,-177.9503173828125,-200.29129028320312,-12.0,-9.627850341796876,-3.8932351863861547,-133.3000030517578,-132.89999389648438,-132.60000610351562,-132.6999969482422,-136.0,-138.1999969482422,-140.8000030517578,-143.39999389648438,-146.1999969482422,-149.3000030517578,-143.125,-145.0625,-147.1875,-149.4375,-151.8125,-154.0,-156.125,-158.1875,-160.25,-162.3125,-220.68836975097656,-202.43643188476562,-9.627850341796876
-133.3000030517578,-132.89999389648438,-132.60000610351562,-132.6999969482422,-136.0,-138.1999969482422,-140.8000030517578,-143.39999389648438,-146.1999969482422,-149.3000030517578,-143.125,-145.0625,-147.1875,-149.4375,-151.8125,-154.0,-156.125,-158.1875,-160.25,-162.3125,-220.68836975097656,-202.43643188476562,-9.627850341796876,-4.6810546875,-3.971645198059268,-132.60000610351562,-132.6999969482422,-136.0,-138.1999969482422,-140.8000030517578,-143.39999389648438,-146.1999969482422,-149.3000030517578,-152.1999969482422,-155.89999389648438,-147.1875,-149.4375,-151.8125,-154.0,-156.125,-158.1875,-160.25,-162.3125,-164.4375,-166.625,-261.6404113769531,-207.30931091308594,-4.6810546875
-132.60000610351562,-132.6999969482422,-136.0,-138.1999969482422,-140.8000030517578,-143.39999389648438,-146.1999969482422,-149.3000030517578,-152.1999969482422,-155.89999389648438,-147.1875,-149.4375,-151.8125,-154.0,-156.125,-158.1875,-160.25,-162.3125,-164.4375,-166.625,-261.6404113769531,-207.30931091308594,-4.6810546875,0.07060699462890696,-3.675232069142706,-136.0,-138.1999969482422,-140.8000030517578,-143.39999389648438,-146.1999969482422,-149.3000030517578,-152.1999969482422,-155.89999389648438,-159.5,-162.8000030517578,-151.8125,-154.0,-156.125,-158.1875,-160.25,-162.3125,-164.4375,-166.625,-169.0625,-171.625,-291.0500183105469,-222.92796325683594,0.07060699462890696
-136.0,-138.1999969482422,-140.8000030517578,-143.39999389648438,-146.1999969482422,-149.3000030517578,-152.1999969482422,-155.89999389648438,-159.5,-162.8000030517578,-151.8125,-154.0,-156.125,-158.1875,-160.25,-162.3125,-164.4375,-166.625,-169.0625,-171.625,-291.0500183105469,-222.92796325683594,0.07060699462890696,2.39970703125,-3.0678755144755514,-140.8000030517578,-143.39999389648438,-146.1999969482422,-149.3000030517578,-152.1999969482422,-155.89999389648438,-159.5,-162.8000030517578,-165.8000030517578,-168.1999969482422,-156.125,-158.1875,-160.25,-162.3125,-164.4375,-166.625,-169.0625,-171.625,-174.3125,-177.125,-282.2718811035156,-241.92388916015625,2.39970703125
-140.8000030517578,-143.39999389648438,-146.1999969482422,-149.3000030517578,-152.1999969482422,-155.89999389648438,-159.5,-162.8000030517578,-165.8000030517578,-168.1999969482422,-156.125,-158.1875,-160.25,-162.3125,-164.4375,-166.625,-169.0625,-171.625,-174.3125,-177.125,-282.2718811035156,-241.92388916015625,2.39970703125,-0.4277023315429682,-4.906388373565861,-146.1999969482422,-149.3000030517578,-152.1999969482422,-155.89999389648438,-159.5,-162.8000030517578,-165.8000030517578,-168.1999969482422,-168.8000030517578,-169.10000610351562,-160.25,-162.3125,-164.4375,-166.625,-169.0625,-171.625,-174.3125,-177.125,-179.9375,-182.6875,-196.25416564941406,-254.831298828125,-0.4277023315429682
-146.1999969482422,-149.3000030517578,-152.1999969482422,-155.89999389648438,-159.5,-162.8000030517578,-165.8000030517578,-168.1999969482422,-168.8000030517578,-169.10000610351562,-160.25,-162.3125,-164.4375,-166.625,-169.0625,-171.625,-174.3125,-177.125,-179.9375,-182.6875,-196.25416564941406,-254.831298828125,-0.4277023315429682,-12.0,-8.631313675689743,-152.1999969482422,-155.89999389648438,-159.5,-162.8000030517578,-165.8000030517578,-168.1999969482422,-168.8000030517578,-169.10000610351562,-169.10000610351562,-169.1999969482422,-164.4375,-166.625,-169.0625,-171.625,-174.3125,-177.125,-179.9375,-182.6875,-185.375,-188.125,-127.60248565673828,-261.092041015625,-12.0
-152.1999969482422,-155.89999389648438,-159.5,-162.8000030517578,-165.8000030517578,-168.1999969482422,-168.8000030517578,-169.10000610351562,-169.10000610351562,-169.1999969482422,-164.4375,-166.625,-169.0625,-171.625,-174.3125,-177.125,-179.9375,-182.6875,-185.375,-188.125,-127.60248565673828,-261.092041015625,-12.0,-12.0,-8.05971004028339,-159.5,-162.8000030517578,-165.8000030517578,-168.1999969482422,-168.8000030517578,-169.10000610351562,-169.10000610351562,-169.1999969482422,-171.89999389648438,-173.60000610351562,-169.0625,-171.625,-174.3125,-177.125,-179.9375,-182.6875,-185.375,-188.125,-190.8125,-193.5,-158.86578369140625,-263.8489074707031,-12.0
-159.5,-162.8000030517578,-165.8000030517578,-168.1999969482422,-168.8000030517578,-169.10000610351562,-169.10000610351562,-169.1999969482422,-171.89999389648438,-173.60000610351562,-169.0625,-171.625,-174.3125,-177.125,-179.9375,-182.6875,-185.375,-188.125,-190.8125,-193.5,-158.86578369140625,-263.8489074707031,-12.0,-12.0,-7.06063169021625,-165.8000030517578,-168.1999969482422,-168.8000030517578,-169.10000610351562,-169.10000610351562,-169.1999969482422,-171.89999389648438,-173.60000610351562,-176.3000030517578,-179.10000610351562,-174.3125,-177.125,-179.9375,-182.6875,-185.375,-188.125,-190.8125,-193.5,-196.125,-198.6875,-200.87411499023438,-262.11328125,-12.0
-165.8000030517578,-168.1999969482422,-168.8000030517578,-169.10000610351562,-169.10000610351562,-169.1999969482422,-171.89999389648438,-173.60000610351562,-176.3000030517578,-179.10000610351562,-174.3125,-177.125,-179.9375,-182.6875,-185.375,-188.125,-190.8125,-193.5,-196.125,-198.6875,-200.87411499023438,-262.11328125,-12.0,-12.0,-5.797113342285156,-168.8000030517578,-169.10000610351562,-169.10000610351562,-169.1999969482422,-171.89999389648438,-173.60000610351562,-176.3000030517578,-179.10000610351562,-182.0,-185.0,-179.9375,-182.6875,-185.375,-188.125,-190.8125,-193.5,-196.125,-198.6875,-201.125,-203.5,-234.95933532714844,-254.25250244140625,-12.0
-168.8000030517578,-169.10000610351562,-169.10000610351562,-169.1999969482422,-171.89999389648438,-173.60000610351562,-176.3000030517578,-179.10000610351562,-182.0,-185.0,-179.9375,-182.6875,-185.375,-188.125,-190.8125,-193.5,-196.125,-198.6875,-201.125,-203.5,-234.95933532714844,-254.25250244140625,-12.0,-11.17931671142578,-5.184654425430344,-169.10000610351562,-169.1999969482422,-171.89999389648438,-173.60000610351562,-176.3000030517578,-179.10000610351562,-182.0,-185.0,-188.39999389648438,-192.1999969482422,-185.375,-188.125,-190.8125,-193.5,-196.125,-198.6875,-201.125,-203.5,-205.75,-207.8125,-280.77392578125,-239.9716033935547,-11.17931671142578
-169.10000610351562,-169.1999969482422,-171.89999389648438,-173.60000610351562,-176.3000030517578,-179.10000610351562,-182.0,-185.0,-188.39999389648438,-192.1999969482422,-185.375,-188.125,-190.8125,-193.5,-196.125,-198.6875,-201.125,-203.5,-205.75,-207.8125,-280.77392578125,-239.9716033935547,-11.17931671142578,-3.7260192871093745,-5.330558038202969,-171.89999389648438,-173.60000610351562,-176.3000030517578,-179.10000610351562,-182.0,-185.0,-188.39999389648438,-192.1999969482422,-196.5,-201.1999969482422,-190.8125,-193.5,-196.125,-198.6875,-201.125,-203.5,-205.75,-207.8125,-209.625,-211.0625,-342.49530029296875,-211.3318328857422,-3.7260192871093745
-171.89999389648438,-173.60000610351562,-176.3000030517578,-179.10000610351562,-182.0,-185.0,-188.39999389648438,-192.1999969482422,-196.5,-201.1999969482422,-190.8125,-193.5,-196.125,-198.6875,-201.125,-203.5,-205.75,-207.8125,-209.625,-211.0625,-342.49530029296875,-211.3318328857422,-3.7260192871093745,8.18509521484375,-5.078024926630703,-176.3000030517578,-179.10000610351562,-182.0,-185.0,-188.39999389648438,-192.1999969482422,-196.5,-201.1999969482422,-205.1999969482422,-208.6999969482422,-196.125,-198.6875,-201.125,-203.5,-205.75,-207.8125,-209.625,-211.0625,-212.0,-212.5625,-353.1969909667969,-161.5023651123047,8.18509521484375
-176.3000030517578,-179.10000610351562,-182.0,-185.0,-188.39999389648438,-192.1999969482422,-196.5,-201.1999969482422,-205.1999969482422,-208.6999969482422,-196.125,-198.6875,-201.125,-203.5,-205.75,-207.8125,-209.625,-211.0625,-212.0,-212.5625,-353.1969909667969,-161.5023651123047,8.18509521484375,12.0,-3.520367217508998,-182.0,-185.0,-188.39999389648438,-192.1999969482422,-196.5,-201.1999969482422,-205.1999969482422,-208.6999969482422,-209.60000610351562,-210.1999969482422,-201.125,-203.5,-205.75,-207.8125,-209.625,-211.0625,-212.0,-212.5625,-212.9375,-213.25,-252.446044921875,-115.61151885986328,12.0
-182.0,-185.0,-188.39999389648438,-192.1999969482422,-196.5,-201.1999969482422,-205.1999969482422,-208.6999969482422,-209.60000610351562,-210.1999969482422,-201.125,-203.5,-205.75,-207.8125,-209.625,-211.0625,-212.0,-212.5625,-212.9375,-213.25,-252.446044921875,-115.61151885986328,12.0,12.0,-1.8965948822023346,-188.39999389648438,-192.1999969482422,-196.5,-201.1999969482422,-205.1999969482422,-208.6999969482422,-209.60000610351562,-210.1999969482422,-209.1999969482422,-207.39999389648438,-205.75,-207.8125,-209.625,-211.0625,-212.0,-212.5625,-212.9375,-213.25,-213.8125,-214.75,-109.5654067993164,-101.74137115478516,12.0
-188.39999389648438,-192.1999969482422,-196.5,-201.1999969482422,-205.1999969482422,-208.6999969482422,-209.60000610351562,-210.1999969482422,-209.1999969482422,-207.39999389648438,-205.75,-207.8125,-209.625,-211.0625,-212.0,-212.5625,-212.9375,-213.25,-213.8125,-214.75,-109.5654067993164,-101.74137115478516,12.0,-2.8925994873046874,-7.2721476127626365,-196.5,-201.1999969482422,-205.1999969482422,-208.6999969482422,-209.60000610351562,-210.1999969482422,-209.1999969482422,-207.39999389648438,-205.1999969482422,-202.60000610351562,-209.625,-211.0625,-212.0,-212.5625,-212.9375,-213.25,-213.8125,-214.75,-216.0625,-217.5625,17.07790756225586,-116.1144790649414,-2.8925994873046874
-196.5,-201.1999969482422,-205.1999969482422,-208.6999969482422,-209.60000610351562,-210.1999969482422,-209.1999969482422,-207.39999389648438,-205.1999969482422,-202.60000610351562,-209.625,-211.0625,-212.0,-212.5625,-212.9375,-213.25,-213.8125,-214.75,-216.0625,-217.5625,17.07790756225586,-116.1144790649414,-2.8925994873046874,-12.0,-11.15697378044133,-205.1999969482422,-208.6999969482422,-209.60000610351562,-210.1999969482422,-209.1999969482422,-207.39999389648438,-205.1999969482422,-202.60000610351562,-200.6999969482422,-199.3000030517578,-212.0,-212.5625,-212.9375,-213.25,-213.8125,-214.75,-216.0625,-217.5625,-219.3125,-221.0625,69.32988739013672,-137.31326293945312,-12.0
-205.1999969482422,-208.6999969482422,-209.60000610351562,-210.1999969482422,-209.1999969482422,-207.39999389648438,-205.1999969482422,-202.60000610351562,-200.6999969482422,-199.3000030517578,-212.0,-212.5625,-212.9375,-213.25,-213.8125,-214.75,-216.0625,-217.5625,-219.3125,-221.0625,69.32988739013672,-137.31326293945312,-12.0,-12.0,-11.27267053146381,-209.60000610351562,-210.1999969482422,-209.1999969482422,-207.39999389648438,-205.1999969482422,-202.60000610351562,-200.6999969482422,-199.3000030517578,-200.0,-200.39999389648438,-212.9375,-213.25,-213.8125,-214.75,-216.0625,-217.5625,-219.3125,-221.0625,-222.8125,-224.5625,25.171297073364258,-150.8804931640625,-12.0
-209.60000610351562,-210.1999969482422,-209.1999969482422,-207.39999389648438,-205.1999969482422,-202.60000610351562,-200.6999969482422,-199.3000030517578,-200.0,-200.39999389648438,-212.9375,-213.25,-213.8125,-214.75,-216.0625,-217.5625,-219.3125,-221.0625,-222.8125,-224.5625,25.171297073364258,-150.8804931640625,-12.0,-12.0,-10.550078234863467,-209.1999969482422,-207.39999389648438,-205.1999969482422,-202.60000610351562,-200.6999969482422,-199.3000030517578,-200.0,-200.39999389648438,-201.6999969482422,-203.39999389648438,-213.8125,-214.75,-216.0625,-217.5625,-219.3125,-221.0625,-222.8125,-224.5625,-226.3125,-228.25,-38.69035720825195,-163.31350708007812,-12.0
-209.1999969482422,-207.39999389648438,-205.1999969482422,-202.60000610351562,-200.6999969482422,-199.3000030517578,-200.0,-200.39999389648438,-201.6999969482422,-203.39999389648438,-213.8125,-214.75,-216.0625,-217.5625,-219.3125,-221.0625,-222.8125,-224.5625,-226.3125,-228.25,-38.69035720825195,-163.31350708007812,-12.0,-12.0,-9.090811362457462,-205.1999969482422,-202.60000610351562,-200.6999969482422,-199.3000030517578,-200.0,-200.39999389648438,-201.6999969482422,-203.39999389648438,-205.6999969482422,-208.39999389648438,-216.0625,-217.5625,-219.3125,-221.0625,-222.8125,-224.5625,-226.3125,-228.25,-230.3125,-232.5625,-115.56181335449219,-182.52064514160156,-12.0
-205.1999969482422,-202.60000610351562,-200.6999969482422,-199.3000030517578,-200.0,-200.39999389648438,-201.6999969482422,-203.39999389648438,-205.6999969482422,-208.39999389648438,-216.0625,-217.5625,-219.3125,-221.0625,-222.8125,-224.5625,-226.3125,-228.25,-230.3125,-232.5625,-115.56181335449219,-182.52064514160156,-12.0,-12.0,-7.588756369400071,-200.6999969482422,-199.3000030517578,-200.0,-200.39999389648438,-201.6999969482422,-203.39999389648438,-205.6999969482422,-208.39999389648438,-211.39999389648438,-214.8000030517578,-219.3125,-221.0625,-222.8125,-224.5625,-226.3125,-228.25,-230.3125,-232.5625,-235.0,-237.6875,-189.95974731445312,-209.56321716308594,-12.0
-200.6999969482422,-199.3000030517578,-200.0,-200.39999389648438,-201.6999969482422,-203.39999389648438,-205.6999969482422,-208.39999389648438,-211.39999389648438,-214.8000030517578,-219.3125,-221.0625,-222.8125,-224.5625,-226.3125,-228.25,-230.3125,-232.5625,-235.0,-237.6875,-189.95974731445312,-209.56321716308594,-12.0,-12.0,-6.8168002082826575,-200.0,-200.39999389648438,-201.6999969482422,-203.39999389648438,-205.6999969482422,-208.39999389648438,-211.39999389648438,-214.8000030517578,-218.60000610351562,-222.60000610351562,-222.8125,-224.5625,-226.3125,-228.25,-230.3125,-232.5625,-235.0,-237.6875,-240.375,-243.1875,-262.3742980957031,-233.37045288085938,-12.0
-200.0,-200.39999389648438,-201.6999969482422,-203.39999389648438,-205.6999969482422,-208.39999389648438,-211.39999389648438,-214.8000030517578,-218.60000610351562,-222.60000610351562,-222.8125,-224.5625,-226.3125,-228.25,-230.3125,-232.5625,-235.0,-237.6875,-240.375,-243.1875,-262.3742980957031,-233.37045288085938,-12.0,-7.393362426757813,-6.854044248708136,-201.6999969482422,-203.39999389648438,-205.6999969482422,-208.39999389648438,-211.39999389648438,-214.8000030517578,-218.60000610351562,-222.60000610351562,-226.8000030517578,-231.1999969482422,-226.3125,-228.25,-230.3125,-232.5625,-235.0,-237.6875,-240.375,-243.1875,-246.0,-248.875,-323.119384765625,-242.9463653564453,-7.393362426757813
-201.6999969482422,-203.39999389648438,-205.6999969482422,-208.39999389648438,-211.39999389648438,-214.8000030517578,-218.60000610351562,-222.60000610351562,-226.8000030517578,-231.1999969482422,-226.3125,-228.25,-230.3125,-232.5625,-235.0,-237.6875,-240.375,-243.1875,-246.0,-248.875,-323.119384765625,-242.9463653564453,-7.393362426757813,-0.8201995849609371,-6.214391296895531,-205.6999969482422,-208.39999389648438,-211.39999389648438,-214.8000030517578,-218.60000610351562,-222.60000610351562,-226.8000030517578,-231.1999969482422,-235.10000610351562,-239.10000610351562,-230.3125,-232.5625,-235.0,-237.6875,-240.375,-243.1875,-246.0,-248.875,-251.6875,-254.625,-349.196533203125,-264.93853759765625,-0.8201995849609371
